Steps,AvgReturn,StdError
1000,-0.015715433,0.018824231133886576
2000,-0.033820376,0.012621750373628894
3000,-0.021063128,0.016647563846965866
4000,-0.017373333,0.01588810840635359
5000,0.014526394,0.01593109745038467
6000,-0.017939785,0.014312917831236113
7000,-0.0138522,0.01233082744891403
8000,0.0021319545,0.012515659604739637
9000,-0.028641785,0.020413104646262108
10000,-0.013082942,0.01959856051042827
11000,-0.055942982,0.01396483757265783
12000,-0.053726394,0.020162257472092385
13000,-0.04160148,0.01334263088694758
14000,-0.048409153,0.015826798480683486
15000,-0.009831963,0.008914235123844729
16000,-0.012290006,0.014983796427041396
17000,-0.015045,0.015898207745235492
18000,-0.04368064,0.013723804651634627
19000,-0.053037398,0.011657519734156865
20000,-0.058755092,0.018876557324771493
21000,-0.017634187,0.010484475573920593
22000,-0.019759638,0.018126451989455575
23000,-0.026661402,0.011534419242403289
24000,-0.03867016,0.014116509074081627
25000,-0.0684898,0.019086785671850577
26000,-0.04157035,0.014058549494822364
27000,-0.04449007,0.015744227284963157
28000,-0.029508818,0.014954251178101917
29000,-0.03315921,0.012990660739533645
30000,-0.03401126,0.012069589959925877
31000,-0.048017338,0.012110134570482097
32000,-0.0725575,0.014514855131184575
33000,-0.04229927,0.011095685254094557
34000,-0.072875306,0.01169340166148731
35000,-0.08812511,0.01863743518499948
36000,-0.059204757,0.013754569172210962
37000,-0.12082591,0.014753118479629757
38000,-0.106420875,0.00888939555659938
39000,-0.10007755,0.014977814338759311
40000,-0.121971026,0.019288168114851255
41000,-0.1042756,0.01396196668862013
42000,-0.11281912,0.012885358079557487
43000,-0.060126603,0.008103977876403665
44000,-0.088626005,0.019942154791815103
45000,-0.094177164,0.019247067469307017
46000,-0.08549614,0.014922273276089871
47000,-0.1173717,0.025155988850817674
48000,-0.090325795,0.010601320672058993
49000,-0.12877789,0.025817034344832773
50000,-0.10222119,0.01689694082692999
51000,-0.091679946,0.014226523894973173
52000,-0.14987111,0.01480519492598616
53000,-0.12756401,0.017260538231402642
54000,-0.122293726,0.014274450105603348
55000,-0.10699072,0.018410141747165317
56000,-0.15819857,0.016475262505054503
57000,-0.1320806,0.0214265514504149
58000,-0.13982221,0.016184361963103987
59000,-0.14431457,0.015228139641107656
60000,-0.16199353,0.02032566814439664
61000,-0.1606922,0.024044178043636632
62000,-0.17753309,0.029896818553214133
63000,-0.1618785,0.009964834960734893
64000,-0.1831374,0.025149827700420804
65000,-0.16739248,0.028001292922988173
66000,-0.1492826,0.014193346748008161
67000,-0.15786156,0.018503662826812782
68000,-0.1690663,0.01669070957034738
69000,-0.16428399,0.016155390419755958
70000,-0.17384212,0.013487710075250752
71000,-0.15371396,0.01741528441782373
72000,-0.17867759,0.0118282354339202
73000,-0.22265029,0.022843354516763923
74000,-0.18713132,0.01903503318655711
75000,-0.18806545,0.019694417643849535
76000,-0.25340262,0.021669828538074056
77000,-0.21128376,0.024025760562698843
78000,-0.32155147,0.020236539976762547
79000,-0.22238116,0.013276703043580399
80000,-0.2568937,0.020321672231940393
81000,-0.27585736,0.022770346651621372
82000,-0.2897406,0.024896476012724555
83000,-0.33477637,0.01779955760635287
84000,-0.38252777,0.024763183116910996
85000,-0.357055,0.023049676482444156
86000,-0.31797752,0.01865162585759617
87000,-0.4220417,0.022347185177097766
88000,-0.38448343,0.03547138737893326
89000,-0.3868415,0.020354379340854094
90000,-0.40138412,0.02804607023208664
91000,-0.40645283,0.008974028911740307
92000,-0.4688952,0.02524276329407453
93000,-0.4038899,0.032333566493618265
94000,-0.5136107,0.023936340241087994
95000,-0.43505883,0.02742533491862222
96000,-0.5706714,0.025613869526965854
97000,-0.71108735,0.036937189850560936
98000,-0.7139206,0.032151326026296126
99000,-0.7617763,0.05113546551888659
100000,-1.0349085,0.0512936103513679
101000,-1.2146304,0.1839189955861358
102000,-1.0649374,0.04497855135468071
103000,-1.0557219,0.05214129511491966
104000,-2.0569983,0.3484931004204014
105000,-1.7991956,0.3169656150216129
106000,-1.1185157,0.09020543358960233
107000,-1.4198543,0.24178080693072643
108000,-1.3096938,0.20439177032606945
109000,-1.9107323,0.23267938121451792
110000,-1.640858,0.20905032569888327
111000,-1.3515927,0.16787559556073517
112000,-1.5256935,0.1853627262960358
113000,-2.0686522,0.22243054431541265
114000,7.8422904,8.83696974592055
115000,-2.203456,0.17523574587820243
116000,-2.6723595,0.1216912729102206
117000,15.813005,11.425130989603286
118000,23.610455,12.304088178707804
119000,44.746452,12.153765872621621
120000,14.27724,8.491993123856222
121000,33.529194,11.14143628412458
122000,30.154394,9.183476576271898
123000,43.938625,6.763655132545995
124000,40.77862,6.838454391630784
125000,33.65275,8.747273725198868
126000,29.987171,7.530579602665848
127000,39.816833,6.648162104163369
128000,33.85905,5.82714835987914
129000,38.22784,4.3335151873340125
130000,34.834526,5.7988536807493185
131000,24.640514,6.7435151306099055
132000,31.701809,5.242174521487847
133000,29.867275,6.452196525742976
134000,20.025438,6.656418111665426
135000,34.49865,3.9461125302247773
136000,30.812664,5.053506233158311
137000,30.144428,4.969198210319143
138000,22.180449,5.956482022697016
139000,24.937307,5.316844101904245
140000,20.021488,5.738086859897679
141000,34.5707,0.7234169752962211
142000,30.237915,3.349599702973033
143000,31.095867,1.5781734106742054
144000,23.179737,4.599579323899153
145000,32.66433,0.7951741386886112
146000,25.90383,4.192323767394082
147000,33.131176,0.9914958810796322
148000,26.618113,3.3713727513959584
149000,30.359241,3.07881586603504
150000,32.39393,0.6792837808975999
151000,30.095661,2.0962271753986843
152000,26.788727,3.8285280563414656
153000,27.738865,3.6560858867889854
154000,20.52278,3.8059585396319777
155000,13.975789,3.479220166752863
156000,15.4515915,3.9464861857367235
157000,23.562971,3.95282656788617
158000,25.209122,3.2099535702350503
159000,20.68024,4.214626085731023
160000,26.022528,3.9954202804650905
161000,25.687033,3.84801483968282
162000,19.660856,3.4880018252293534
163000,21.576199,3.8612683011707256
164000,15.969856,4.687820530908464
165000,20.908634,4.341408094564573
166000,22.707518,4.607737016875872
167000,21.862041,4.1619083896686115
168000,28.801983,2.1556463936230976
169000,16.565088,4.400503870063755
170000,24.718151,3.8493610852077027
171000,22.489933,3.9315315210665016
172000,18.713083,4.322383329176651
173000,16.313824,4.068080444678018
174000,16.793053,2.562741812051621
175000,9.14709,2.8950738592128866
176000,19.780813,4.189012739253919
177000,13.562001,4.355601877187467
178000,16.411268,3.5254463899382373
179000,5.6695666,2.0609330147478593
180000,17.32549,3.239032654519491
181000,12.839066,3.567166128607859
182000,10.901556,2.7403439862928876
183000,10.752703,3.7736522659743814
184000,13.541191,3.610711622297113
185000,16.319403,3.5387981659514813
186000,9.744858,2.5910823310828275
187000,8.669311,1.5621674440551165
188000,14.779318,3.475261046849042
189000,12.430584,3.354861339548442
190000,12.726854,3.606404782615024
191000,7.640168,2.26030627715311
192000,17.398308,4.5784854298046405
193000,11.61647,3.2731903173520993
194000,12.305063,3.482593923179131
195000,14.400932,2.71924888588518
196000,10.636218,3.1660543252015563
197000,8.806924,2.217282363131259
198000,11.910708,3.2271441364109803
199000,7.88598,2.0361193031294524
200000,13.71326,4.009587524197708
201000,16.377007,3.17471595551521
202000,12.853104,2.9004494923851603
203000,12.201736,2.5196978430729136
204000,3.4408157,2.853121000518459
205000,11.552491,3.494494504419585
206000,14.989688,3.245350116718245
207000,20.772339,3.365903327372825
208000,14.14679,3.623475320628117
209000,11.107416,3.4084816594585177
210000,8.327203,2.9757819419018476
211000,17.839169,4.206377014529834
212000,17.855347,3.310858050001936
213000,16.109264,3.0516587402474804
214000,9.116622,3.5602693344975234
215000,12.257469,3.816454369157624
216000,23.931423,3.6555846636567373
217000,14.149783,3.527618960001242
218000,16.450195,3.8280910693868164
219000,21.697933,2.8279579104411416
220000,13.382347,4.026416497993635
221000,23.085714,2.717069681099607
222000,23.656416,3.9491249958493406
223000,19.518848,4.319046968459408
224000,18.29765,3.8918380869850706
225000,18.232956,3.923672390605382
226000,19.843082,3.4676582579417197
227000,16.250118,3.7313513859233867
228000,15.692403,4.299541185685243
229000,20.757866,3.17281510749923
230000,12.453761,3.2510773901866687
231000,15.033312,3.8884109511999534
232000,10.12355,2.721368378167634
233000,16.671665,3.6250935897783227
234000,13.497975,3.484071355263898
235000,11.113569,3.8640934866718677
236000,21.287252,3.131533562097452
237000,10.962737,2.1272134408433754
238000,13.44084,2.7199977048005666
239000,19.477846,3.503691737791525
240000,7.0142746,2.62090902796946
241000,15.530113,3.9252704540095826
242000,9.961004,3.1355894886351185
243000,10.218035,3.2525702027646632
244000,14.97711,3.915439604632316
245000,9.653925,2.9930699178682203
246000,17.095396,4.431760952820575
247000,14.020851,3.969380200695489
248000,18.980885,3.878780048234648
249000,11.976754,3.555394924457498
250000,13.367584,3.8265469884980625
251000,10.995562,4.108662630005378
252000,16.588728,3.6469899837253696
253000,12.025942,3.6308832899545536
254000,8.484991,2.7566403728135134
255000,13.737676,3.2956494564043055
256000,13.471201,3.1855245217364887
257000,22.05927,4.021727558607238
258000,24.082706,3.6090089112233033
259000,14.106987,3.31956220285569
260000,19.6194,3.043246816765055
261000,14.358635,3.298223728761025
262000,18.93685,4.10157041315756
263000,4.602829,1.66461947286119
264000,13.105494,4.500472250791833
265000,15.604439,3.5069937185827302
266000,17.532513,3.9366396542879305
267000,17.550789,4.068385340337888
268000,13.500814,2.6908151791597112
269000,15.877942,3.46731083974175
270000,10.284999,2.586043560870073
271000,12.358026,2.5862121431389817
272000,11.667427,3.4852592721820232
273000,12.089195,2.884228802017479
274000,10.015823,3.2984541345811436
275000,13.512149,3.6808059583456814
276000,16.857143,3.8744831606364123
277000,13.00939,2.8340108884720365
278000,17.40097,3.674414609463774
279000,13.383575,2.9431894704388943
280000,18.579754,3.357878027269185
281000,11.757408,2.965692338344395
282000,11.698477,3.3036880259530825
283000,22.897852,3.7683734394359534
284000,21.735134,3.1733386474255734
285000,16.357632,3.189240871109949
286000,18.637959,3.6188922352245236
287000,18.16631,3.4606296741149025
288000,15.739072,3.8635560741437898
289000,16.24773,3.813421094630458
290000,23.995173,3.6556033615112495
291000,15.134443,3.625562845610921
292000,24.465443,2.7509893986546317
293000,23.533764,2.8975027708296883
294000,18.95356,3.2482151105548005
295000,19.776564,3.4639808121687765
296000,21.72092,3.2648486616132444
297000,17.923473,3.6978915752737036
298000,21.688616,3.6617986844990766
299000,19.376026,3.2307811706919125
300000,23.461042,3.337710581707925
301000,19.229166,3.66370315145464
302000,24.139,2.58077860693338
303000,13.898172,3.686394505796756
304000,13.107295,3.8457726050328422
305000,22.340458,3.993916611068347
306000,22.269024,2.9728077767212047
307000,13.475192,3.4607958437574227
308000,15.465073,4.047538438869916
309000,19.728786,3.450283729003653
310000,23.84206,2.914234334835172
311000,18.097094,3.5033702553252337
312000,18.505693,3.480291372869436
313000,17.721542,2.9932222149090055
314000,23.380768,3.3302995965985027
315000,23.496845,2.3981904386816115
316000,17.667479,3.424048528074867
317000,18.234484,3.9050354549094397
318000,20.37992,2.8092148191840973
319000,21.99379,3.2441410893192186
320000,22.310928,2.7543728055864545
321000,22.785538,2.778435738030534
322000,17.835732,3.262804865483735
323000,20.703257,2.386361934654519
324000,12.726709,3.8244543366841826
325000,17.478943,3.1205365094395576
326000,16.264952,4.0323563841625605
327000,15.739903,2.155969233191733
328000,19.181118,2.53144884147727
329000,13.44871,3.417544388909289
330000,16.53618,3.3769821077496354
331000,15.832868,2.847634084954007
332000,14.560941,3.4871664533422733
333000,17.03491,3.6345088642601397
334000,14.741369,3.539274659663245
335000,21.192982,3.3040411741407256
336000,12.162429,3.676530181228346
337000,18.98972,2.811660016029023
338000,15.625772,2.789180369652513
339000,18.163372,3.3756144501655534
340000,22.736965,2.681504853925802
341000,15.5245075,2.7779088807429066
342000,17.185705,2.539555567721527
343000,24.839733,2.5832593900175382
344000,17.983624,3.235259306847598
345000,19.116884,3.5149967018922745
346000,13.738024,2.980837600499323
347000,16.73251,2.9847505789234603
348000,21.65006,3.0565180713725772
349000,15.99404,3.091538851295735
350000,14.322428,3.491088780693667
351000,16.407993,3.0046957612786636
352000,11.379152,2.3264846189945554
353000,19.271038,3.1969018646288982
354000,16.144506,3.7755304956179674
355000,21.825613,2.5602254427282296
356000,20.929886,2.6240816316705717
357000,20.95346,2.856367490902724
358000,20.27401,2.551223933672071
359000,16.600498,2.9065329298242126
360000,19.639002,3.2396481758269027
361000,21.31353,3.043185294792144
362000,13.160792,3.2921134508533987
363000,18.332458,2.652932119604685
364000,16.442997,3.1418360799337055
365000,13.859869,3.4753150293644888
366000,17.388346,2.9688764020208533
367000,20.45345,2.6263648809691573
368000,16.720802,2.5565835831945196
369000,20.911312,3.0565424992147627
370000,18.270073,2.855017023281661
371000,20.170626,3.1919381874124912
372000,15.41551,3.0069533764218694
373000,20.018408,2.4231935414715293
374000,23.232895,2.537370331369982
375000,17.970716,2.6649222695998187
376000,18.105404,2.7049896607714947
377000,22.009584,2.7639801854444697
378000,22.829166,1.6828387226135926
379000,19.403736,2.866930270810656
380000,21.787344,2.077953943130835
381000,16.790714,1.685926582812802
382000,18.69186,3.185589662648983
383000,21.41333,2.2495357097974535
384000,23.490414,1.6775009375177912
385000,20.46128,3.2081980829589885
386000,18.003735,2.8895661347458326
387000,21.988031,2.0953179168284515
388000,23.346138,2.037129741218861
389000,22.428946,2.503402210498034
390000,17.344183,3.0235257070857005
391000,21.472845,1.6062625641935415
392000,22.370651,2.3693324112900336
393000,21.350368,2.0102856537052323
394000,16.203913,2.1783095503942964
395000,19.757519,3.035773706526124
396000,21.388361,1.5185527381463373
397000,21.739529,2.458736504218687
398000,22.56081,1.9763644282587143
399000,19.541418,2.8321190878050144
400000,26.416676,0.8658931941826978
401000,18.156599,2.364852314875407
402000,26.129974,1.5771867972703852
403000,17.66473,2.4106409479495348
404000,16.047937,3.563480841799153
405000,17.119516,2.701373736971463
406000,20.055864,2.090414404482612
407000,23.781424,1.4516141174141601
408000,19.361876,2.486228985074273
409000,21.669601,2.015383834842808
410000,19.68395,2.720988691089716
411000,23.317211,1.7746712747915998
412000,20.037807,2.8158052097430706
413000,21.281065,2.6289858979621576
414000,20.205624,1.9017305848706987
415000,19.855762,2.2675210855793035
416000,22.6497,1.8956590597744405
417000,19.305103,2.56504556867451
418000,16.702408,2.2105245966165707
419000,20.643627,2.208949302373913
420000,21.453688,2.387043200031022
421000,21.915504,2.357797795314912
422000,23.03724,2.2485925236686297
423000,24.491137,1.6864406230227398
424000,20.983448,2.6005696827780063
425000,18.938068,2.515057608581739
426000,19.849977,2.8440124311663024
427000,25.25134,1.3199148744221854
428000,22.072256,2.293299696964032
429000,15.903575,3.0703882604810886
430000,17.361528,1.7054907209877435
431000,21.03841,2.309525966530237
432000,18.696817,2.374233511009484
433000,23.629047,1.9561381749292301
434000,19.482649,1.7524930559245255
435000,22.46591,1.7276885424442257
436000,22.047249,2.47324136485657
437000,18.862566,2.233217911217628
438000,21.916424,2.212652985458833
439000,19.88158,2.1719177491449413
440000,21.695463,2.641577696662968
441000,14.543492,3.059939175591723
442000,21.703758,2.448810657677366
443000,21.48166,1.9071392408666674
444000,17.175299,2.758118709633176
445000,13.97716,3.368774352775352
446000,19.782274,2.9133057752538294
447000,18.143425,1.7805935186300585
448000,23.45762,1.8183283524513303
449000,18.81285,2.430827091365307
450000,17.193018,2.54609710259613
451000,19.733395,2.840427569931025
452000,17.478153,2.5179052616661255
453000,12.145277,2.785171790907724
454000,18.201136,2.4946864468797845
455000,16.877384,3.1854587776673973
456000,16.55934,2.5159759145009293
457000,17.242168,2.18758278149748
458000,20.599348,2.3417657421729956
459000,18.010477,2.4444377723478863
460000,20.108166,1.9076986686105422
461000,15.745781,2.899097215294306
462000,14.09495,2.2009766276833767
463000,18.582022,3.1728917083870707
464000,17.401249,2.1407060539220586
465000,20.834948,2.1918510191573506
466000,14.663773,2.1344743907492516
467000,15.66139,2.2925835992940424
468000,17.62115,2.0014884639463646
469000,17.45081,2.673997966917429
470000,16.720394,2.7381249731719004
471000,15.896826,2.426011639882655
472000,18.92065,2.505821923976729
473000,18.08707,3.1936556758229315
474000,22.334915,1.6795577015141394
475000,17.956558,2.3786333875966865
476000,19.317444,2.2621232864020837
477000,21.23419,2.1332629507238368
478000,20.561533,2.6094342752866075
479000,18.800892,2.0676310687594275
480000,14.05067,3.10865372131872
481000,21.019226,2.818287199140423
482000,18.504156,2.8794735154053943
483000,18.436134,3.2091661492974457
484000,16.776537,1.9752893016242596
485000,14.2537565,3.1180083785625214
486000,17.261456,3.0635864635348073
487000,17.774906,2.5711754491715446
488000,17.709167,2.8318790314793407
489000,13.046565,2.902655236061009
490000,18.965792,2.6272789647921675
491000,22.94672,2.0334007255568602
492000,19.344934,2.3919150466555097
493000,17.331593,3.5334608332231277
494000,22.225193,2.1052395412735923
495000,19.356518,2.748202212019111
496000,19.923944,2.8792500458861428
497000,25.439388,2.072541969773582
498000,15.533735,3.221223249674865
499000,19.28946,1.8410376507022124
500000,19.316204,3.2058074717861067
501000,16.011099,2.962797186677981
502000,23.143358,1.787977663270907
503000,16.996485,2.6256555688108856
504000,20.08148,2.0637373913463994
505000,20.325174,2.4340271386915906
506000,24.87437,1.2853618424401323
507000,18.366016,2.205895068154996
508000,17.700527,2.4135110686171664
509000,14.226544,2.202909141420708
510000,22.141954,2.2668589704247606
511000,17.35693,2.0105178689951426
512000,19.263838,2.209205945506009
513000,22.027855,2.246383010264048
514000,18.62601,2.111566653977901
515000,21.183483,2.0540797987016695
516000,19.567266,1.903153129705123
517000,17.303013,2.5844430848394837
518000,21.206863,2.146212722865067
519000,20.904087,2.196723921305883
520000,22.934118,1.8730575757653025
521000,23.02083,1.7111116881059159
522000,16.435768,1.305870976213689
523000,17.88705,2.4516495649910937
524000,21.54286,1.908875879499068
525000,15.780565,1.9830487604576967
526000,24.368382,2.1527320917347237
527000,22.203596,2.2052774357994944
528000,18.511549,2.3893282587993987
529000,18.929283,2.6752075974730527
530000,18.59586,2.6901758331667116
531000,17.97642,1.855168403460701
532000,17.778809,2.4155219927121294
533000,23.287256,1.5330494561701586
534000,23.25755,2.491056952056317
535000,20.017857,2.7049395987739295
536000,12.977503,2.6066950396005617
537000,24.453363,1.5696989096948237
538000,21.437082,2.4969927669182117
539000,20.281672,2.0528410658402323
540000,20.547554,1.953141843743641
541000,24.956787,1.206314626836052
542000,20.649822,2.204336813086208
543000,17.080395,2.3704200534238793
544000,17.44212,2.1171778198013693
545000,23.703835,2.2251567232964566
546000,19.63602,2.227338340708419
547000,17.48718,2.688376315459056
548000,18.046177,2.4429564197452383
549000,20.062876,2.718066698954728
550000,18.183659,2.5335942694934017
551000,17.661625,2.5853828028178736
552000,21.452562,1.7936058682682454
553000,21.582067,2.093822691624068
554000,24.79697,0.9972736689130687
555000,23.172853,1.6928681613004772
556000,17.031796,2.0348006520188906
557000,21.319891,2.233339598061107
558000,23.194405,1.246416925695789
559000,19.534142,1.2248150229573103
560000,23.853024,0.982388141067797
561000,19.905975,1.7215126712566573
562000,21.34759,1.675656183065348
563000,17.350145,2.182938324910125
564000,19.914505,2.3279429008573618
565000,17.380743,1.6070834603222892
566000,17.787586,2.4756247381502856
567000,20.741884,1.8219272370774917
568000,19.071857,2.2276359984891223
569000,24.168062,2.152848199379679
570000,21.405918,1.604912247361628
571000,17.52355,1.4132444612743675
572000,19.85491,2.1204903558330246
573000,18.111637,2.133262649145538
574000,10.807734,1.7205256054853892
575000,21.994043,1.994467117998714
576000,22.335144,1.561363737889388
577000,20.247807,2.7357542661667256
578000,18.116613,1.5651661878670944
579000,22.504417,2.003988698830782
580000,19.39698,2.0128906870484076
581000,19.89878,2.2953686748814732
582000,20.381329,2.55346375569566
583000,11.953298,2.404237083568236
584000,20.965225,1.9728478745080664
585000,18.042686,2.0674505741477245
586000,19.888351,1.8298154698444247
587000,17.303984,1.1498758315419775
588000,20.837873,2.0103527548766675
589000,21.791239,1.633961023027061
590000,23.2649,1.2258627059665939
591000,19.199347,2.1618408118760293
592000,19.601429,1.7885067823957739
593000,22.733587,2.2221088222218097
594000,21.322552,1.6848128541561285
595000,19.95783,2.2867406705481117
596000,19.118643,1.3618538605148782
597000,16.028633,2.124482800138839
598000,17.747871,2.06465569726559
599000,17.859547,3.325003580097055
600000,16.420155,1.4081860884722048
601000,17.400265,2.2039838156877147
602000,23.029165,1.8320916320529934
603000,18.626806,1.6921779993641661
604000,20.747929,2.1225226919871876
605000,15.123637,2.9026356334716015
606000,19.953016,1.5893453787452787
607000,17.395222,2.363173126908887
608000,18.833366,2.6143614615288855
609000,20.739285,1.5901110860453855
610000,18.186735,1.4086328767215583
611000,17.334362,2.2615986909516956
612000,15.979446,1.6988650457678358
613000,20.838852,2.3424355475741523
614000,18.392338,1.8606646679524086
615000,21.020996,2.56481968652887
616000,18.552591,2.429114126629346
617000,19.10673,2.2935774505770286
618000,21.324444,1.8914120833846202
619000,16.281445,1.9866983102380205
620000,16.025644,1.1905233839655558
621000,17.723576,2.2879097388225755
622000,20.881546,2.1067688448257154
623000,20.1165,2.5346709040193494
624000,19.534588,1.2665673320831794
625000,16.142014,0.8553729368148663
626000,18.546547,1.777404026544226
627000,20.00292,1.8299142367372112
628000,18.214357,2.7727244482119358
629000,17.274952,1.4750327278233137
630000,21.753696,2.082865447301587
631000,20.935806,1.5977476517221494
632000,18.67132,2.16716593068329
633000,20.745565,1.7618706331190195
634000,15.597786,1.982848814045735
635000,20.780231,2.632340353377316
636000,22.572508,1.715064625654616
637000,21.371418,1.8362915622282343
638000,20.823704,2.1940531438936164
639000,14.676905,2.737327901728741
640000,23.823181,1.2945967730993955
641000,20.258242,1.8017896477677915
642000,21.821453,2.334894733007189
643000,17.16412,1.7813572656712244
644000,22.731709,1.4011490604530277
645000,19.214977,2.4935016965337944
646000,19.378471,2.1526138730416786
647000,21.88591,1.5439913199994117
648000,16.828846,1.967900934887231
649000,16.6384,1.907786277106281
650000,17.80383,2.1072463940615247
651000,20.731422,1.4582494431396227
652000,20.231398,1.6656265935893138
653000,19.434818,2.547601375149471
654000,20.946938,2.5130198440182014
655000,21.325827,2.2883568286502274
656000,18.882917,1.7612142479521495
657000,23.317875,1.3419230031288578
658000,22.335981,1.6602895624392588
659000,17.0896,1.745637427251947
660000,19.186563,2.5609492306448334
661000,18.7999,3.098665749647891
662000,24.521442,1.9691624369102112
663000,22.569736,2.1162804735739305
664000,21.210464,2.044175364219548
665000,20.818092,1.6617318606522407
666000,17.87373,1.7824522964733858
667000,24.335674,1.741367380122285
668000,19.240171,2.2771922492474697
669000,19.21951,1.6932668478112065
670000,20.68515,1.6262056355006547
671000,17.80347,1.7720320123115352
672000,18.996378,2.180633814341489
673000,18.697195,2.251776738134237
674000,18.854744,2.1833780260694615
675000,17.593754,2.238248538816321
676000,22.296665,1.74204819313134
677000,20.587584,3.09013349642433
678000,20.546589,1.2844234815640858
679000,23.844818,2.164303349473123
680000,22.432182,2.1650781041221876
681000,22.799168,2.099065479555815
682000,20.638355,2.068254280313453
683000,20.442783,2.1430500712478087
684000,23.124374,1.49072384669868
685000,20.384188,1.8138156855804568
686000,20.928288,1.5163941914742167
687000,20.597881,2.1610512798903345
688000,17.964022,1.6405658893443662
689000,19.667095,1.465959593921241
690000,19.453905,2.274384102920197
691000,18.8488,2.3153645223908383
692000,19.190994,1.925804072555229
693000,12.588359,2.116932033488023
694000,22.054815,2.5982016899775187
695000,21.636982,2.017918902020712
696000,22.982725,1.8928346282190447
697000,20.752974,1.8800851040680744
698000,18.652029,1.6215738452018402
699000,20.12853,1.2799819871716784
700000,18.656225,1.6172347366418023
701000,24.15274,1.3303814508528689
702000,20.89079,1.7098455116193076
703000,22.4716,1.4526004292396817
704000,21.127234,3.341685685261571
705000,22.119354,1.7904616129272004
706000,19.735712,2.283541980324172
707000,18.56801,2.475356031886246
708000,23.616215,2.096966494597665
709000,18.523722,2.571682100713167
710000,19.797634,2.506084297096498
711000,19.94868,2.1744216029689416
712000,19.752304,2.4713572544361613
713000,23.425789,1.4380866720419905
714000,16.564747,3.4650689066700706
715000,17.820362,2.5008600562301138
716000,21.980541,1.9935771604395902
717000,21.556927,1.66692518974302
718000,17.002626,2.1367042606889877
719000,20.054348,1.6677825768458965
720000,23.092758,2.0504382407462582
721000,16.834253,2.0329528817834617
722000,23.68424,1.8852371169319475
723000,21.155407,1.554310877009535
724000,23.381323,2.0787279438341533
725000,23.565113,2.801821627194291
726000,22.55042,1.3880120081883758
727000,20.950663,1.8627930567946707
728000,11.415785,2.3757064194197723
729000,17.49662,1.4505481889178122
730000,21.794468,2.0260975546891817
731000,21.078182,1.4455632504313551
732000,20.78154,2.087831084776935
733000,24.827045,1.1214440096808744
734000,23.413427,1.3263216037973204
735000,21.19476,2.217776649962639
736000,22.071491,1.65311863365551
737000,21.09694,2.0919236530778798
738000,22.583422,1.9373444185180235
739000,22.978252,1.9241517250572828
740000,22.907696,2.5925015585559676
741000,16.213217,2.863613814261119
742000,19.271618,2.041858338151521
743000,21.53324,2.5116039339063456
744000,20.337418,1.7019394857327583
745000,23.352802,1.3666180436867712
746000,20.23582,3.097174444961389
747000,20.755077,2.8659682360381704
748000,21.030062,2.915646927585743
749000,21.870068,2.648195229268814
750000,19.063484,2.0295176033842823
751000,20.023678,2.710417768567722
752000,19.399624,2.221477317264573
753000,18.822063,3.0586122310779498
754000,21.274496,1.919379399271328
755000,23.755482,1.6688824329008352
756000,22.290552,2.738142766291517
757000,24.459381,1.9230680034413186
758000,24.137928,2.8171496457981613
759000,19.313688,2.523161168253861
760000,19.222,3.1848583352749147
761000,21.584494,2.5457750169732414
762000,25.64704,1.4458630192601485
763000,22.879362,1.791828516565536
764000,20.933582,1.8781908907746634
765000,23.420925,1.8936108907596019
766000,20.942898,2.1958883986296542
767000,21.3201,2.2115522246689987
768000,21.73983,2.975349478621677
769000,20.85194,1.3328266476977941
770000,21.341385,1.7758867861240457
771000,21.96457,2.493175087236427
772000,21.407299,2.4232894433704795
773000,23.174639,1.6954638457163966
774000,25.395094,1.8914586772317517
775000,23.739384,1.8141531516965732
776000,18.049404,1.5029333949060342
777000,21.588942,1.6968447727456162
778000,16.685556,3.088544178790788
779000,19.607243,2.552381089603741
780000,18.940805,2.6973983318395183
781000,20.068533,2.56142723224809
782000,19.233238,1.663661810974034
783000,19.679884,3.249412979556779
784000,20.045938,2.1222205105320056
785000,25.543114,1.800172132563332
786000,19.195202,2.1328467726717895
787000,18.68523,2.120506490271999
788000,24.773024,1.6076858629737123
789000,20.119999,2.6427218847277985
790000,22.773233,2.7226805453447764
791000,19.141798,2.8478379518838506
792000,24.286835,2.181805295242342
793000,19.857248,2.234695494091544
794000,24.13617,1.765042482874385
795000,23.49464,2.3133234404660166
796000,20.27659,2.3652496442837925
797000,20.507065,3.1089118723423086
798000,23.597494,1.6756266283920866
799000,22.240135,2.464722833445595
800000,19.088913,2.4932583228468364
801000,24.532017,1.5719507948503562
802000,21.650394,2.0573478519342836
803000,23.678522,2.1741165565199227
804000,18.390825,1.47714317275681
805000,21.921398,1.7638521533298708
806000,23.244549,2.4016080747503232
807000,22.534758,2.1649407352071823
808000,20.21007,2.651849151934467
809000,21.49464,2.5898485742633173
810000,21.556633,2.1522500188244362
811000,24.050999,2.7918954790746717
812000,21.721462,2.17660186327856
813000,24.771235,1.4151816494753269
814000,19.495361,2.063228176389239
815000,24.150763,1.718093376507303
816000,23.794367,2.0844040997809667
817000,21.952305,1.3646801015400656
818000,20.552155,2.710478988962335
819000,22.353922,2.3112977390344227
820000,20.439337,2.8179026868097274
821000,22.66871,2.1850819434564657
822000,21.228146,2.5707824926484886
823000,17.262674,2.50848546350983
824000,20.314302,1.9622918801118525
825000,24.146137,1.9579701123039834
826000,23.604256,1.9751196638313055
827000,20.55965,2.7116488111825454
828000,22.007023,1.6880009891396175
829000,23.288101,2.1309519562217814
830000,20.716988,2.2474887470958094
831000,18.576015,2.258482030024971
832000,21.465036,2.1268669273783014
833000,23.10094,1.6822676841052222
834000,22.27076,2.032779625050925
835000,22.907091,2.4623860539990106
836000,20.795101,2.1090029368616316
837000,21.38851,2.17233784771487
838000,22.190483,2.2086710963934686
839000,21.647202,2.747476011476119
840000,17.064281,3.3258540308990643
841000,20.889921,2.625761422793689
842000,19.566174,1.7615494522310267
843000,23.834538,2.377520563674909
844000,27.003057,1.2638174657621086
845000,22.717237,1.5116072391407804
846000,25.407173,1.7827905165352487
847000,25.076685,1.7766350018828347
848000,23.948345,2.011800029131576
849000,25.85828,1.526384123403987
850000,23.105988,1.7946410357781377
851000,20.969711,1.770245010103271
852000,24.391272,1.9679764802510264
853000,26.798239,1.5677709196319711
854000,26.58842,1.263274398640932
855000,24.437492,2.0370231332903113
856000,26.613247,1.2626459094666813
857000,26.802368,1.4388003570855914
858000,23.70313,2.1813523246378677
859000,25.588362,1.7783187135238334
860000,21.368633,2.9725942592858066
861000,24.170137,2.3030984282524996
862000,21.39851,3.1762313864655987
863000,26.177174,1.6183940036215623
864000,26.457855,1.3943540490184645
865000,26.71257,1.6335163458257975
866000,21.873848,2.4501294595770773
867000,26.435461,1.505178645338998
868000,22.822489,2.053645827530006
869000,26.02003,1.3339020759105475
870000,21.664545,2.859829609770477
871000,26.693249,1.9645169247988112
872000,21.404444,2.0950798207617187
873000,28.497223,0.45599366303664596
874000,23.900948,2.7532940600124167
875000,23.75185,2.560415437056338
876000,25.921177,1.4613704769516764
877000,25.164875,1.7769123031283833
878000,26.270288,1.7431590567941773
879000,22.792128,2.9372960273279505
880000,21.923092,2.2409446488056686
881000,25.266544,1.951899491942621
882000,28.304708,1.0044130827646156
883000,26.26917,1.6200507240048376
884000,26.744705,1.494613302015528
885000,23.823042,1.8407350168795824
886000,24.596117,2.1154509824636727
887000,24.243256,2.9318088101852005
888000,29.116236,0.38607914304860885
889000,23.710915,2.1180557142285497
890000,27.335775,0.9063606289674463
891000,23.237274,2.1750497905648936
892000,22.302044,2.1634406847500216
893000,27.238995,2.1391146252404263
894000,25.613956,1.6335584159984502
895000,28.071222,1.6046540963380396
896000,28.384085,0.9623915396126851
897000,23.930523,1.9580212298255935
898000,24.080332,2.112062297911625
899000,25.577938,1.6575029789603355
900000,25.320803,2.151221184458814
901000,27.465445,1.421973192759456
902000,27.885168,1.6739721698460506
903000,22.184113,1.9712210103763508
904000,26.739292,1.8956512187386771
905000,27.55581,1.0174012307443412
906000,24.399448,1.9246279171907483
907000,24.202694,2.534727600739483
908000,24.846935,2.5708292372847694
909000,24.979221,1.6266754944898496
910000,26.824223,2.1241282948488527
911000,27.217968,1.7902290960589917
912000,26.631643,0.6545250319241103
913000,27.818356,0.30736577462106207
914000,24.90666,1.2388197159869905
915000,27.22317,1.2457703418236232
916000,24.17928,1.8812782986064251
917000,23.532063,2.610827567026069
918000,26.9632,1.449611486722408
919000,26.957891,1.4905946203977365
920000,27.376806,0.9902619734709724
921000,27.428452,0.7900645729702639
922000,23.914165,1.6975460930789752
923000,26.999344,1.6675687578321998
924000,21.84963,2.241883311260014
925000,24.838665,2.647788400144023
926000,22.86398,2.227409965554333
927000,28.11015,1.6051955801731486
928000,28.728153,0.39798813078413603
929000,22.750938,2.4757242589888184
930000,25.586573,1.9595414860287594
931000,25.98319,2.4981906359201904
932000,25.575172,1.8211021188525638
933000,27.51743,0.9985966175143856
934000,27.523615,1.4627906091597123
935000,27.114416,1.4918401387708915
936000,26.77268,1.6250964305184596
937000,26.922586,1.337129114494554
938000,25.60765,1.735821958367908
939000,27.974268,0.7104552908121964
940000,27.165165,0.9961878362490142
941000,26.615513,1.0722082612593482
942000,26.747461,1.1262469456641357
943000,28.570429,0.5419799691074381
944000,23.813137,2.336850920640959
945000,25.348486,1.5528486746288468
946000,21.808426,3.0064422012057683
947000,22.645279,2.757165722209648
948000,26.891672,1.5955931763570597
949000,26.797657,1.1794118823433486
950000,25.883518,1.8561277240284992
951000,26.525375,1.753815024396372
952000,25.99497,1.9129128066039238
953000,25.865103,1.4562599311038589
954000,24.206898,1.8997746988152269
955000,25.988031,1.5399020690597514
956000,21.460434,2.459444760852913
957000,26.616764,0.6377471756497938
958000,28.972744,0.38925709976452066
959000,28.318659,0.4763444682034457
960000,25.657598,1.798185183943106
961000,22.795898,2.3705746123019042
962000,25.475933,1.5137473895366873
963000,27.803936,0.6870343431712288
964000,28.176926,0.3227009557095237
965000,28.954712,0.3891385040986022
966000,25.282099,2.2456081048258345
967000,28.929016,0.9461356399786441
968000,24.470734,2.028960437477647
969000,26.161839,2.6509169734135414
970000,26.43952,1.495336939142982
971000,27.328205,0.7803299270702456
972000,27.93516,0.8369061666739003
973000,28.3632,0.47306582203309394
974000,25.7927,1.360549082006051
975000,24.463497,2.6428774991298685
976000,25.92279,2.077097309973705
977000,28.403767,0.5434008929585076
978000,26.240076,1.3993374796134288
979000,27.037104,1.3844153853994536
980000,25.992153,1.6089114771791608
981000,28.579554,0.4861667602964902
982000,26.52329,1.4378144976275178
983000,26.097559,1.359549651524541
984000,26.3172,1.2408160889290472
985000,26.60268,1.8393200115026227
986000,26.619223,1.0627974350574354
987000,26.332312,1.3956705890809364
988000,27.988728,0.8955961685723357
989000,27.976467,0.38197111885986157
990000,25.868494,1.8916296721270491
991000,27.648184,0.8706851225580607
992000,26.737162,1.7603273061760119
993000,26.440105,1.5657889470536719
994000,25.546024,1.816916664435655
995000,25.993252,1.6827205039205473
996000,27.791306,1.2278538012884253
997000,24.239813,1.734453848416378
998000,28.575705,0.7984011772726177
999000,26.79655,1.5685091833069067
1000000,27.119919,1.060312580666246
