Timesteps,Avg Return,Std Error
2000,-443.52097009436557,0
4000,-346.6343660529343,0
6000,-381.4371521110673,0
8000,-348.5705559678471,0
10000,-363.43529252738637,0
12000,-376.4167076327765,0
14000,-386.02468461540167,0
16000,-383.6351789804874,0
18000,-382.6310197087677,0
20000,-376.5160837381203,0
22000,-383.7702736352665,0
24000,-383.5970662607131,0
26000,-388.77564383452943,0
28000,-397.47937276790975,0
30000,-402.8128870717399,0
32000,-403.99041559625607,0
34000,-400.2496668712634,0
36000,-391.36179420605805,0
38000,-393.70171071593285,0
40000,-409.42226470533996,0
42000,-412.1701300396345,0
44000,-412.37512724165697,0
46000,-417.1049372470631,0
48000,-422.2449522286035,0
50000,-429.6775966945905,0
52000,-425.1717270223634,0
54000,-426.2110221203534,0
56000,-427.59355067877266,0
58000,-436.6512105212221,0
60000,-442.69692604592694,0
62000,-444.7953916069552,0
64000,-449.1101934053685,0
66000,-452.8301772262401,0
68000,-453.13068080755335,0
70000,-459.20432417348735,0
72000,-463.2880026774965,0
74000,-465.7136126439329,0
76000,-471.67727076192443,0
78000,-472.4753978354504,0
80000,-476.4088635913612,0
82000,-480.0847073617094,0
84000,-483.88427728423216,0
86000,-485.61843809232556,0
88000,-487.85486857921364,0
90000,-495.3056815745825,0
92000,-500.81303511341304,0
94000,-503.5243796508998,0
96000,-509.16446179284344,0
98000,-513.3126594042225,0
100000,-519.6165361388503,16.569010607456654
102000,-523.0045152851151,16.67078523157129
104000,-535.9127601899938,17.019155462151787
106000,-543.6052846995723,17.588031986556064
108000,-556.2389827236348,17.701393526849678
110000,-564.3426943545376,18.023337729785183
112000,-575.1039143610478,18.844406328169626
114000,-585.0447009746165,19.338608862119244
116000,-594.2570667981533,19.569440618249637
118000,-605.200590548714,19.786443220322056
120000,-615.2639378391514,19.590842811633873
122000,-619.4363005502461,19.486475638143165
124000,-630.3944383756997,19.64547501069821
126000,-636.4979512205093,19.623669793054002
128000,-646.4862302868619,20.20331927907494
130000,-656.3744109860279,20.552551529685196
132000,-669.2769629112914,21.038721250670953
134000,-680.6611569602065,20.82417039890727
136000,-694.9188400810663,20.035448916921858
138000,-705.6364326272474,20.079676600327254
140000,-707.9960439291721,19.948938103494893
142000,-716.7979893030118,19.8327154099738
144000,-728.4539171368418,19.731426033980295
146000,-734.6957212593984,19.61316447716597
148000,-743.5173973584508,19.692394537199796
150000,-751.4128570340453,19.9360778387246
152000,-762.1409630353161,18.934054891333385
154000,-768.4636155397628,18.467013511421754
156000,-778.1138452109631,18.13862089110395
158000,-782.264432265104,18.41341086194388
160000,-785.9009174608931,18.50729471081532
162000,-794.7154258885722,18.238227388390555
164000,-804.3378400053657,18.36929048050882
166000,-811.2435507085892,18.16305132445796
168000,-819.0111828648244,17.47914556072909
170000,-827.7964116798674,17.846411897234034
172000,-834.3637459560493,17.79431478433986
174000,-841.2028238065861,17.66144338218274
176000,-843.974824449234,17.924650430050903
178000,-854.9795731121553,17.40772908065922
180000,-861.7665503247155,17.191858316209654
182000,-863.6536763249162,17.267321131442504
184000,-871.0939472360425,17.093524041460505
186000,-878.3656813526187,16.274546726788834
188000,-880.8663661997132,15.848936276945363
190000,-885.4798370745904,15.997326339557015
192000,-890.4648463157478,16.117166003482637
194000,-896.5333241972755,15.557753604597858
196000,-901.3332743653135,15.543415356030883
198000,-907.0880000070088,15.430624132376654
200000,-909.4158138827029,15.397110367870734
202000,-915.3676886566834,14.714306020502017
204000,-913.9937194898395,14.827719583377236
206000,-914.7495928232545,14.689632226982877
208000,-917.6990864994175,14.84704997738684
210000,-920.53209659918,14.785428817812777
212000,-919.0252749085025,14.790871268565274
214000,-918.3650322382415,14.788085835890124
216000,-919.5271788029396,14.50932671649974
218000,-917.0157939760829,14.626748675390862
220000,-918.6551558796189,14.636569383140415
222000,-921.6677972608019,14.24111557990141
224000,-919.1673584513945,14.41805611881133
226000,-922.1203115583579,14.130867072941268
228000,-921.5813148537637,14.125232157816246
230000,-921.9119889665143,14.34861222898996
232000,-919.9588215268111,14.254321258118953
234000,-921.2151713596459,14.190789558155648
236000,-920.2337706763133,14.242121643834787
238000,-918.3628109457603,14.30443275667125
240000,-919.0872105982427,14.332666842982354
242000,-917.2072223250536,14.462659139352088
244000,-914.0323735621906,14.561118010902879
246000,-917.0746407005151,14.458447237054665
248000,-914.9338263565279,14.635673962956677
250000,-911.109226178146,14.681120759736388
252000,-910.272386167815,14.71836917606891
254000,-912.2875487006153,14.913238140943994
256000,-907.0732122368856,15.250742372440438
258000,-906.4520560094876,14.96272496507655
260000,-906.6615009387149,14.62067956996521
262000,-904.2220746594702,14.632847940924668
264000,-899.3920343883337,14.473654735406374
266000,-900.8511457047299,14.484334493531094
268000,-901.7131426438797,14.46217533179626
270000,-896.858550186891,13.886762967159594
272000,-896.0831681811334,13.671819009098906
274000,-891.9491320629294,13.617282490662612
276000,-892.0732800696513,13.096515243789622
278000,-886.1776725020925,13.122619038735937
280000,-881.9894071379936,13.196764123804039
282000,-882.9130626463286,12.723871547967256
284000,-879.3672564454542,12.630283445674426
286000,-878.423460195722,12.621874743781724
288000,-877.7981991375868,12.65637167457339
290000,-872.2096484139365,12.58344702866532
292000,-870.5872814693431,12.330443375408246
294000,-867.8171637702591,12.352618051589404
296000,-861.2730154146406,12.427536051162196
298000,-856.4454078104701,12.248220337432395
300000,-851.3505827098111,12.394091584242926
302000,-847.2943820253499,12.452510818148104
304000,-847.2005296097694,12.354088413621316
306000,-845.578843869519,12.34840683688584
308000,-836.9822800364341,12.433386146431305
310000,-834.1029418111025,12.411701491195542
312000,-828.4399924083723,12.690523975479573
314000,-827.7396515122615,12.849654442046395
316000,-824.9061129698385,12.909682088256034
318000,-824.1483213185043,13.063530676599978
320000,-821.2632066835214,12.953551347862923
322000,-822.0618816523569,13.091690823385216
324000,-814.2000653657713,14.22258086195311
326000,-808.660722063823,14.400005717427675
328000,-808.2744957840755,14.329995938812605
330000,-803.9806027363782,13.962263257422185
332000,-801.1109761249369,13.729017879301617
334000,-796.5785849876479,13.606856679480561
336000,-793.6010953138198,13.523333332713188
338000,-791.1485408173093,13.362587286757451
340000,-788.997256808964,13.221885739753404
342000,-784.7560155270575,13.41073591166203
344000,-781.3631879538666,13.39232890521391
346000,-777.5084427506725,13.074341385376817
348000,-772.8707160789112,12.863484134103762
350000,-772.38659865757,12.817789743130565
352000,-769.2188992261073,13.00974612730835
354000,-766.328514104144,12.415646853418872
356000,-768.7439840029452,12.325344493463252
358000,-769.5564628862658,13.306380027505128
360000,-771.0305324995652,13.421092832514182
362000,-766.3226805830897,13.61964711377866
364000,-767.7161971763297,13.709161347673462
366000,-763.1953118770901,13.379401528978757
368000,-761.2368148056644,13.256909611443836
370000,-757.1919254253035,13.247244693933766
372000,-755.672081154747,13.23309886516248
374000,-754.7721089008103,13.187620599665276
376000,-751.1391262890432,13.211771047560617
378000,-751.1426295993073,13.162630833092981
380000,-748.6287172566817,13.256319717256568
382000,-747.3268617256535,13.270260917321886
384000,-743.765480317164,13.2397494653035
386000,-739.1338920336352,13.198803171527024
388000,-738.4632276978065,13.238176390183643
390000,-754.6908555447342,17.704621984152677
392000,-767.4889903790145,21.563199969675292
394000,-773.5856899833439,22.216513765028093
396000,-780.2129885211241,22.44019895359283
398000,-791.9156685041473,23.808178460640836
400000,-800.1541751931851,24.15021534226441
402000,-812.579822132845,25.518868111148215
404000,-821.8173843961848,26.369144582650627
406000,-828.9477815641519,26.810506914255647
408000,-839.9573292186647,27.107319953342436
410000,-845.0039932393092,27.25612676435756
412000,-856.4074870975481,27.488351118910778
414000,-865.7327906256692,28.25256095111166
416000,-875.3940210307857,28.615293464963145
418000,-886.1074233299947,29.267675659921345
420000,-897.5574793229684,30.004068558128786
422000,-901.4163905118611,30.032078815531825
424000,-913.668054595269,29.248455781845003
426000,-927.1998063605647,29.603442809199798
428000,-932.5641793380975,30.01911138832973
430000,-936.6815324782214,29.91629534869274
432000,-943.4050347432922,30.05132806685928
434000,-950.8089715790911,30.02843889642977
436000,-956.2139064468599,29.91660811180044
438000,-964.055944668758,29.97782745884793
440000,-979.0836216542467,30.952991523823396
442000,-991.603788550521,30.661356003028793
444000,-1004.9403429649952,30.773037955894598
446000,-1017.0181776644978,31.309863004979302
448000,-1023.773765656888,30.867109450628153
450000,-1034.465798219287,31.132591300769935
452000,-1048.3646891825038,30.89404812031463
454000,-1055.4567221331322,30.55142496355889
456000,-1064.1279357226504,30.4491861022298
458000,-1079.2083100273928,31.140881024434826
460000,-1085.5043051723228,31.0719208560359
462000,-1098.9846008629597,30.388114901001973
464000,-1109.3261661330878,30.611525369993057
466000,-1120.46396123698,30.416903398321267
468000,-1127.5823401081727,30.065489287623592
470000,-1138.834293899844,29.352094914626417
472000,-1140.2181803616547,29.13148495350753
474000,-1145.2684508951754,28.471507121808923
476000,-1151.8766836579107,27.695678441559608
478000,-1159.3258441056794,27.271092372477717
480000,-1163.6048061973393,26.60990946618869
482000,-1169.1785011026484,25.920707637288693
484000,-1176.8059204257663,24.97224367831604
486000,-1181.394907281831,24.321105818464865
488000,-1184.849605857567,23.707040479192834
490000,-1170.051879517454,23.763395950631754
492000,-1157.430949976681,23.514257459931876
494000,-1158.6159147009548,23.56186959043152
496000,-1153.5440196532993,24.17129193676937
498000,-1148.4306434946402,24.01292143670748
500000,-1147.2465472402628,24.08371697769963
502000,-1137.1032769742746,24.052708738127972
504000,-1130.3849860645735,24.090798144491977
506000,-1126.290737088272,24.247983140832442
508000,-1123.629988870819,24.146392724534444
510000,-1124.0999143052438,24.17651522834727
512000,-1120.94990311809,24.206321230717975
514000,-1114.483162139658,24.01814268155749
516000,-1109.4139559183857,24.041167308711923
518000,-1103.338747210743,23.765804338243974
520000,-1098.680190213368,23.37167073206033
522000,-1101.8035752640235,23.378032422078682
524000,-1097.9238600287824,23.6632620584349
526000,-1093.3967318177154,23.304465350201617
528000,-1087.2498489141567,23.18602585000306
530000,-1083.5548380049333,23.57618381911981
532000,-1080.5719301612057,23.55372423257547
534000,-1078.7797523311692,23.541653718936214
536000,-1073.3957627564582,24.19438142342577
538000,-1068.3606349979373,24.242424927508697
540000,-1059.1555159094892,23.168933753586145
542000,-1050.5026769838605,23.335785387796367
544000,-1043.7670107997124,22.84892308012812
546000,-1036.0702548601494,21.995219301643793
548000,-1031.785548994467,22.88656115586822
550000,-1020.5272108378682,22.563146118178725
552000,-1014.0747698938748,22.085957386335355
554000,-1008.9702305087023,22.537478425072496
556000,-1002.647201936229,22.36415622948245
558000,-992.6320329193375,20.508595148333814
560000,-983.3731178871348,20.651604306783394
562000,-977.692784250584,20.193081288707727
564000,-967.448481953942,19.179557123831213
566000,-956.3174951574852,18.56001231154422
568000,-952.0249164304452,18.35382577937346
570000,-944.4350057312071,17.990433483405816
572000,-942.6969996357743,18.27850700202378
574000,-936.6972988924515,18.95458593145833
576000,-936.9974286416341,18.98077667975021
578000,-933.4734418090818,18.56547802585144
580000,-938.5292727359903,18.664148944652577
582000,-939.7113988675993,18.767266925246687
584000,-940.5470178720868,18.77977624752365
586000,-942.853691153811,18.58186747997781
588000,-946.3255221800979,18.458867234397008
590000,-952.5398816825615,18.258761771571308
592000,-954.0248300181703,17.271879737712645
594000,-946.6939908951458,17.445678722600597
596000,-949.8240299314373,17.189985634448966
598000,-945.1955765560202,17.178642789596065
600000,-943.5714200895115,17.29019814362778
602000,-948.8789303908784,17.33163964868271
604000,-949.0410088501244,17.386989715850657
606000,-948.118314049589,17.51771958170918
608000,-948.9048838582321,17.560610290185924
610000,-941.873159136801,17.99177920653092
612000,-938.9857127383144,17.998570419519815
614000,-937.9571219915289,17.995976169211414
616000,-936.7972775307991,18.055116032252446
618000,-940.0621153485544,18.273060511191144
620000,-934.2403515854053,18.229660679692746
622000,-933.9910562365435,18.1914300430174
624000,-939.6640474257192,18.437347465368145
626000,-939.3030832373241,18.39937395477826
628000,-943.2724165103672,18.587032155518262
630000,-945.0814712670445,18.472114909411914
632000,-945.1951577570953,18.46907639743953
634000,-938.9785244774539,18.654070025245026
636000,-938.7591466109506,18.42942437990855
638000,-935.3721454027902,18.5981743869829
640000,-938.0253147766745,18.845994622540804
642000,-942.4356147880748,18.759975393843984
644000,-942.9188383498738,18.77629192730437
646000,-947.6708420462878,19.312090433073045
648000,-953.3449710304501,18.474949796322868
650000,-956.6315056930309,18.32301470131838
652000,-952.6086659452614,18.69702531065183
654000,-955.1269176731466,18.285167879868244
656000,-955.4490755308176,18.30268747994557
658000,-951.2697295531698,17.93001353081045
660000,-956.9715898319588,17.595868325675763
662000,-954.1741128571132,17.664117979337796
664000,-956.4916383477935,17.901005905605423
666000,-954.6668862592451,18.61896173911488
668000,-958.5219770291469,18.803714626241753
670000,-961.1939118274738,18.720845942059697
672000,-966.8905218674263,18.488233903125515
674000,-972.5094316987644,18.535092580645287
676000,-971.8055302665548,18.641494549509254
678000,-976.515035912195,18.85555735335898
680000,-973.0808325481494,18.769439222050252
682000,-970.3954176311614,19.39427105416536
684000,-968.876983900987,19.468745187038078
686000,-969.6414751113723,19.548202378024573
688000,-970.2582043455157,19.55769798710883
690000,-968.0897074542808,19.399142985694855
692000,-965.7393564897169,19.408832348461416
694000,-969.7633287610915,18.924436576164858
696000,-972.9449417959031,19.33944983259584
698000,-973.2822585108287,19.631125660577705
700000,-973.2856151074493,19.443168028325797
702000,-969.6789574560248,19.38105460495844
704000,-972.6875504170307,19.514768936584595
706000,-976.1191112395813,19.32660463565382
708000,-973.4952319422816,19.605418855465846
710000,-977.9795600025377,18.995115841725447
712000,-981.2987888782272,18.94155621739883
714000,-981.3246509168536,18.97633248957193
716000,-983.172414505585,18.917271897126604
718000,-983.3865400248201,18.934458654554376
720000,-983.2221496490811,18.94064394937211
722000,-978.5589393759356,18.710753890626435
724000,-979.0973887771902,18.657422263619253
726000,-977.3118453443458,18.6229745616017
728000,-976.860429673507,18.85635324017533
730000,-979.8376019052255,18.777261523176243
732000,-978.6155507470888,19.267794085757085
734000,-986.4372542654938,19.008197372982927
736000,-989.1202935110014,18.735576965487745
738000,-994.139276482776,18.35145160182885
740000,-989.2098421309671,18.18431322788206
742000,-986.3619716627404,18.345294766635806
744000,-985.0032628130158,18.405044560173245
746000,-982.9789505957357,18.088305017398586
748000,-979.9702739385165,18.202791776163036
750000,-981.4525723547295,18.273467139156192
752000,-987.0418516362865,17.898054891383953
754000,-989.4656747906416,17.860325572085415
756000,-992.4694479600762,17.903895646607246
758000,-992.7157600153996,17.92194483064184
760000,-987.529673195328,18.31276379681359
762000,-987.1441594882176,18.981256602117163
764000,-985.7800387466218,18.840951416805773
766000,-992.6843978171594,17.875297578273937
768000,-987.7071263300652,17.90996446581528
770000,-985.431411480413,18.006426474032935
772000,-982.5421483149222,18.00575711879899
774000,-987.9522669265118,17.251065543618502
776000,-986.5648523107986,17.2740946525823
778000,-984.9016948403798,17.12364103291846
780000,-985.1771964216808,17.14386110656271
782000,-987.7059669533473,16.393732239270484
784000,-988.6255728300035,16.260107640257196
786000,-988.6615591706998,16.17089896714976
788000,-987.245747150222,16.20859977278549
790000,-985.4485009687727,16.217277304854612
792000,-986.615213029702,16.105919082364206
794000,-987.1781739870993,15.930468395558645
796000,-985.257599890358,15.441932480418581
798000,-988.5024280009746,14.92865569328075
800000,-988.1047662683283,15.02070240366955
802000,-991.6691718748966,15.033427217348883
804000,-989.799565666286,14.905864706856878
806000,-986.010515630139,14.972587152546248
808000,-988.1871280288076,14.590861810838685
810000,-989.6176197763946,14.566570131890206
812000,-984.5546643566754,15.324590442996941
814000,-982.9940504074502,15.334644553846573
816000,-982.3331956923483,15.319047092918334
818000,-977.8339489778338,15.099815439124251
820000,-982.4443766501591,14.896797852032822
822000,-980.6306728974415,14.976269443707135
824000,-978.262657697685,14.778554656091236
826000,-979.7776835285663,14.824191853147255
828000,-975.9795755530861,14.41327583650932
830000,-976.6875667950482,14.529167528517835
832000,-976.2162970149416,14.020747547291114
834000,-974.1428460716186,13.84391090705349
836000,-978.6227073846577,14.153361525218433
838000,-977.7078992369246,14.203608570440831
840000,-979.4146551704071,14.203599718959097
842000,-986.159560450276,14.388333553827078
844000,-985.2015337784021,14.347233334944054
846000,-984.3161268034929,14.3138848529694
848000,-984.7360138679658,14.141279504888198
850000,-986.3644641935254,14.037246923095145
852000,-984.7354922970773,14.071417585462674
854000,-979.5371157228593,14.34899606284842
856000,-976.750537878911,14.160795448069214
858000,-978.4512492482477,14.180175018326732
860000,-983.1923863915699,13.71438857802556
862000,-984.8227225698673,12.705499042210167
864000,-986.5159880511889,12.552033464422124
866000,-985.1294687094512,12.56225192652176
868000,-989.0331253343347,12.385474558995758
870000,-992.6489975689054,12.274356235853336
872000,-994.7556613368963,12.181471764710624
874000,-991.7168676542412,11.977621009001725
876000,-991.7055517648739,11.809589558177384
878000,-989.6330761280759,11.94738408686879
880000,-992.1625337321225,12.007661189649399
882000,-991.6212018494487,11.957842689295273
884000,-992.4499777812629,12.15088451935237
886000,-993.5460014053755,12.207113499636662
888000,-993.9100274467321,12.183414495572713
890000,-992.9821448834632,12.20000479203986
892000,-994.9022563409418,12.114443055986534
894000,-994.316217167663,12.176831653039244
896000,-995.4324095941979,12.229342020963244
898000,-991.584413877358,13.614422496345245
900000,-992.8679063122889,13.525644689134685
902000,-987.5305818196184,13.923234478943192
904000,-983.4726571467845,14.2382554619769
906000,-988.2642395874932,14.300332925472915
908000,-983.7338062536597,14.475651147830868
910000,-982.0745005702212,14.487437814345478
912000,-984.0824492437915,13.696837511164096
914000,-985.9038401326118,13.573310992137232
916000,-986.8788674517175,13.571755132381682
918000,-987.2857594317995,13.547511191482084
920000,-986.0359115780577,13.563093541984344
922000,-990.5775103664248,13.687618477639353
924000,-986.0924241899256,14.036053403743741
926000,-986.3293901987255,14.072841985520853
928000,-988.5279019952909,14.019032760612678
930000,-984.2949024084694,13.995268244045885
932000,-985.4495059958957,13.88556460908618
934000,-987.1108189315762,13.984746100499427
936000,-984.8056192779466,13.558874477475687
938000,-989.9464011155504,13.887924496119279
940000,-987.3595813450513,13.988548989345366
942000,-982.1992389359191,13.599597970587851
944000,-983.0777954731074,13.559962575030658
946000,-978.820015792601,13.524066446910364
948000,-980.2303571876243,13.54511651985068
950000,-977.9672012431233,13.45727989548808
952000,-977.5069886302557,13.318128753026127
954000,-986.2222304152774,14.122255522025768
956000,-985.5352474861412,14.197697655977697
958000,-984.6444986738591,14.410628261718463
960000,-981.752667180963,14.492355165056178
962000,-980.611050134877,14.539213295758719
964000,-978.442105372016,14.541809193071932
966000,-981.9529813426813,14.886835102523444
968000,-978.9592757221959,14.844680462687254
970000,-977.9054509131162,14.811574054789068
972000,-977.4227111153222,14.795709051809576
974000,-978.0362852914624,14.881982793267701
976000,-981.9489685173264,15.072234140993464
978000,-981.3875730929302,14.851835761757505
980000,-981.9787465388935,14.889080819562391
982000,-982.7302062529654,14.880061629406544
984000,-981.9076324649119,14.771915591540008
986000,-981.0419782319487,14.769872211914691
988000,-980.6758254619249,14.750574348064209
990000,-979.9519178656365,14.982579478985596
992000,-979.6153833202001,14.96587746502612
994000,-981.5777595242947,14.932768523845471
996000,-980.6373477527786,14.86628366764459
998000,-980.1650447742794,13.85783611302538
1000000,-982.8848800735503,14.049757091293708
1002000,-986.0217485977907,13.641656534251933
1004000,-990.5844338544526,13.235164011549514
1006000,-988.8590044560074,13.089838335235802
1008000,-992.2594646817879,12.840397186333075
1010000,-994.2083093073633,12.82707409263943
1012000,-996.9930083918547,12.865216982841085
1014000,-995.7095617652558,12.998346895553402
1016000,-993.9384765239415,13.023584774243892
1018000,-991.6609030924778,13.258377689937518
1020000,-991.4217660301739,13.23137992612657
1022000,-987.3998903021995,13.071877777701735
1024000,-991.6128407782496,12.648726006476814
1026000,-984.7350557228551,13.16826175799913
1028000,-985.6440874522018,13.271581168293233
1030000,-987.5696417083082,14.108303767246127
1032000,-984.2324335452665,14.314466460909227
1034000,-983.7789784935579,14.344930521851676
1036000,-983.3953588068457,14.357585052602058
1038000,-977.537034203721,14.067807172824478
1040000,-982.465705177464,14.349843597726377
1042000,-980.0419659131726,14.539318448035099
1044000,-981.7262667250732,14.556153531043089
1046000,-984.9052987036324,14.460103578242087
1048000,-985.3183515444387,14.419960784299102
1050000,-985.23020709198,14.50090667306419
1052000,-984.624041609605,14.604664582794971
1054000,-976.7987735552484,13.76795122065262
1056000,-978.3772174765498,13.692443573847239
1058000,-975.2863473822139,13.679455904300564
1060000,-977.2932838978184,13.645106689957567
1062000,-980.1503961711086,13.516738755448236
1064000,-977.1577262857285,13.8651723664231
1066000,-970.6446165440192,13.650275585144362
1068000,-970.2885401238595,13.657922921455262
1070000,-967.9549529898883,13.74837625331266
1072000,-969.1310474383272,13.818951417519688
1074000,-967.4529453696132,13.718088896242932
1076000,-964.9072161625554,13.432838647793307
1078000,-966.8311707138587,13.613616996169782
1080000,-963.0310201020757,13.481711959515604
1082000,-964.7153921275614,13.658712780082144
1084000,-963.2264586591868,13.546977103327407
1086000,-965.758198225926,13.785514646711087
1088000,-967.4915121211368,13.843699288270946
1090000,-968.2254212986664,13.59661597111256
1092000,-963.4412857370338,13.831765508150292
1094000,-959.6042261055456,13.749722960502018
1096000,-958.2031138451208,13.774040319502229
1098000,-958.9165010915837,13.651377740816224
1100000,-957.6242553139737,13.53054911578584
1102000,-957.0737656118523,13.487680472377145
1104000,-956.308836177484,13.479479306915499
1106000,-954.7254576793862,13.437423883754562
1108000,-951.0253535722549,13.630438194472813
1110000,-942.2859448016325,14.346811041252105
1112000,-940.4435622919234,14.639207246793967
1114000,-939.2841243988422,14.745519975997954
1116000,-940.1099125306669,14.73971896074714
1118000,-945.4660809846401,14.801548441282995
1120000,-947.2674260747185,14.897844309105704
1122000,-949.9603845212102,14.969696013907333
1124000,-948.6398910126095,14.949482318362286
1126000,-956.5147889862257,14.706729948876992
1128000,-956.3220549420913,14.719646493837377
1130000,-955.6007988980107,13.76947672905347
1132000,-959.2459373308692,13.578501738438225
1134000,-959.8465133863115,13.538002351524444
1136000,-960.1073215047123,13.497611056843448
1138000,-959.2941458453435,13.515424088237562
1140000,-957.6923988341424,13.122697271215083
1142000,-961.3597901784206,12.998247203029058
1144000,-959.4182804927955,12.966474201213682
1146000,-958.1911844674028,12.967775410466714
1148000,-956.8904217953785,12.944070490294077
1150000,-958.9060138798033,13.009576595644637
1152000,-958.4238914924329,12.891838807541555
1154000,-961.0395165428762,12.624264823128115
1156000,-961.4293032687642,12.640008140853972
1158000,-963.740848244002,12.497944553668676
1160000,-961.3080898239026,12.599477902508948
1162000,-965.1139713880801,12.986934928050076
1164000,-970.0601092086741,12.656534080287129
1166000,-974.3666964032018,12.407281286664263
1168000,-980.4105904792132,12.845129874580682
1170000,-984.540649537776,12.803040458085968
1172000,-982.1193018756687,12.81860433110332
1174000,-983.2982472537448,12.83352528933882
1176000,-985.6560579614555,12.904851981594948
1178000,-985.889553060092,12.831922123648337
1180000,-986.539089103242,12.769603627387024
1182000,-988.4383474928732,13.020546648341957
1184000,-990.5133344250836,13.092929775721007
1186000,-986.4889778475736,12.85642350753053
1188000,-988.7968913137272,13.076688712854203
1190000,-986.4954094236616,13.302366284942176
1192000,-990.183242978112,13.091848631315667
1194000,-991.7136703558397,13.026997216271258
1196000,-992.8004476007502,12.9658719115048
1198000,-992.3331014539291,13.369694147681832
1200000,-989.1649071722634,13.328512820084644
1202000,-991.5610360746639,13.360716843611703
1204000,-993.9633749684283,13.480302527001777
1206000,-992.9599504451339,13.728319460590626
1208000,-998.3142405489945,13.441285128694233
1210000,-1004.9682118591002,12.302300817558042
1212000,-1006.5208005023314,11.881999056805782
1214000,-1008.3397533695359,11.564172503515358
1216000,-1009.2039007779239,11.561660455603114
1218000,-1006.8317716730228,11.505669457158367
1220000,-1006.433688132427,11.481435284011926
1222000,-1004.4262345838365,11.451771956907077
1224000,-1006.3983488905283,11.441426589018707
1226000,-1004.6902986826558,11.360007516354951
1228000,-1003.5411899572041,11.228446297214843
1230000,-1007.6994362493571,11.358244118262649
1232000,-1005.8493879987348,11.445655340345692
1234000,-1005.1371830439326,11.465166527532476
1236000,-1004.4603480713661,11.491237525595306
1238000,-1006.0961483143768,11.346820121628038
1240000,-1005.1302017852792,11.352552099299645
1242000,-1006.7615722135325,11.415155397083442
1244000,-1007.9602677681496,11.42939625436262
1246000,-1002.7100273844271,12.491720200335333
1248000,-1003.7855019384062,12.565035668871264
1250000,-1002.2020096040252,12.736341688591533
1252000,-1003.1270960295384,12.795963130705227
1254000,-1008.3419752771235,13.260585431511256
1256000,-1002.2292071295957,14.000039031420135
1258000,-1002.3142098242045,13.987031576791239
1260000,-1004.8171470124925,13.756896523034348
1262000,-1002.544960567036,13.538915266122109
1264000,-1002.3307361905563,13.631355431977857
1266000,-1004.5732858068637,13.751622366696079
1268000,-998.4946656847874,13.464381740147
1270000,-996.1758382037503,13.451570862244811
1272000,-998.8869270387823,13.43039103962125
1274000,-998.7310073837085,13.734068353172034
1276000,-999.1177006415886,13.758538095003123
1278000,-997.1816275758616,13.705315389137922
1280000,-997.9940657411161,13.719276497916255
1282000,-993.1435880576245,13.36756044216827
1284000,-990.3427967239135,13.386840216587768
1286000,-990.285504178906,13.411864897722896
1288000,-987.7044322645996,13.162462985178843
1290000,-988.1054146575023,13.168022116052061
1292000,-991.2605276882418,13.217760308186834
1294000,-992.0132324385756,13.234370232466208
1296000,-990.7374795126332,13.31863629277368
1298000,-991.5825222855372,12.932318969432563
1300000,-992.5805122103983,12.861782802912591
1302000,-991.0148356012797,12.829632590152936
1304000,-987.8028829960574,12.707041318302167
1306000,-988.6859948243983,12.999716678850877
1308000,-990.4106223696072,13.421062986051927
1310000,-995.2565036251124,13.903274091587443
1312000,-995.2914486620808,13.778848456917022
1314000,-993.7571586905655,13.940716659783948
1316000,-994.3388617782346,14.324858447550426
1318000,-996.8991508158222,14.409682492426962
1320000,-995.248602897511,14.402693709734995
1322000,-997.6694134135511,14.703459569126
1324000,-994.1495165517542,14.986175124970918
1326000,-993.2771040397273,14.992910270647537
1328000,-995.9661160759762,15.126041882958067
1330000,-995.8379870837765,15.068742629618308
1332000,-996.8340909948462,15.121323003467287
1334000,-997.1400094431889,15.286904831881694
1336000,-994.0242500244279,15.533850000530048
1338000,-997.5891099361781,15.574488245816218
1340000,-998.9603371736639,15.59171667865265
1342000,-994.5457112786759,16.184430320073464
1344000,-995.9156458487091,16.331159171252175
1346000,-1001.2955194518426,15.511953179407712
1348000,-1003.0817173460923,15.487415283316315
1350000,-1003.7187727386247,15.493484118605206
1352000,-1002.225521550306,15.547120581709695
1354000,-995.8762431433238,15.197889552173544
1356000,-1002.6877058338355,14.614595764703276
1358000,-1006.28532087116,14.741470782146711
1360000,-1005.2946387307569,14.793193608664009
1362000,-1002.6598661790775,15.065402122149285
1364000,-1003.0494801999671,14.984769391275288
1366000,-1000.1413010719798,14.965139603962934
1368000,-1003.0020278909865,14.915685644305153
1370000,-1000.9829540138438,15.082640095112524
1372000,-998.4595767993025,15.031430323175957
1374000,-997.7111162158636,14.768084863415059
1376000,-997.0515576522245,14.757143801651903
1378000,-995.1130298284811,14.836831799826257
1380000,-994.1683268702632,14.816388610955949
1382000,-994.5861192931251,14.921422279440316
1384000,-993.4667386923709,15.05981825616351
1386000,-994.4327269789305,15.033481038108784
1388000,-993.1219267337689,15.035500662784774
1390000,-996.1848580061164,14.775271305643429
1392000,-992.9798291643309,14.649708840440777
1394000,-994.8297626314692,14.711455408835178
1396000,-996.3050043112058,14.648463860318287
1398000,-996.6402631658899,14.573798454570882
1400000,-995.2180233133743,14.708892925084289
1402000,-993.7165867048067,14.749614664532242
1404000,-992.4052206289851,14.802204577796662
1406000,-991.0723493781287,14.617398616107062
1408000,-986.0522485098263,14.29071624307405
1410000,-981.5310636078809,13.767218472443712
1412000,-981.6543530358198,13.77250647911563
1414000,-982.5755726308981,13.633310313653691
1416000,-981.5513618932233,13.216013474898531
1418000,-978.0917957436643,13.063300003915828
1420000,-977.7779260095925,13.071290598021685
1422000,-975.9620783455097,12.759777887380576
1424000,-978.4952975824426,12.477425724128766
1426000,-979.8316357474795,12.5056679965889
1428000,-978.1716478002614,12.51700969158585
1430000,-975.8722337802352,12.413926100037289
1432000,-977.9936856159613,12.367398699075057
1434000,-976.1758893820567,12.191898283455275
1436000,-979.8719951020114,11.9216795034475
1438000,-976.8096866472306,11.793424884726477
1440000,-977.6704140244609,11.894419368431546
1442000,-981.4675254151493,11.071092264324951
1444000,-978.2396759787906,10.997905915202129
1446000,-980.051248873924,11.10407112413147
1448000,-977.3952397954938,11.006040538474057
1450000,-972.7320707767306,11.367577787920986
1452000,-976.1093904503823,11.33115971566767
1454000,-978.6346404197877,11.32025444668585
1456000,-983.1929477025984,12.207705181614543
1458000,-980.2764022121081,11.890347090716636
1460000,-981.7165172874493,11.838982708711827
1462000,-982.7173788180821,11.637362535347734
1464000,-978.5453761688159,12.458381074529807
1466000,-979.0898680213352,12.348698367689513
1468000,-976.7326866353301,12.316043443201547
1470000,-979.8705612952645,12.153551418305671
1472000,-980.2076510727893,12.151605794576723
1474000,-981.0376387640998,12.145391573191954
1476000,-980.6728438957849,12.09268584886696
1478000,-981.3162790211964,12.239703411998091
1480000,-980.6569622552893,12.486836573029708
1482000,-980.1613902154899,12.32700918117308
1484000,-981.9992734199983,12.098818668403755
1486000,-979.9657598622005,12.09827676109275
1488000,-981.6962914084295,12.127982854014558
1490000,-982.2641350700161,12.131336518674944
1492000,-984.9989542861621,12.361645350629791
1494000,-984.1753983568634,12.444864459426691
1496000,-982.3369569963345,12.486386446109929
1498000,-980.2259973294554,12.85990855614421
1500000,-976.9251552886723,13.278919451793959
1502000,-977.1711793546834,13.32329877671565
1504000,-978.0083660962295,13.4864283740335
1506000,-983.3621151159572,13.423086916679626
1508000,-985.3266646788811,13.37627206765379
1510000,-986.4392078935314,13.384168241329485
1512000,-986.5087471527077,13.375343748311417
1514000,-991.5960012704853,13.613319728389778
1516000,-990.9244406689957,13.741612195899771
1518000,-990.8086566166145,13.75122586622885
1520000,-992.0520750531584,13.75405479654161
1522000,-990.3216314414058,13.823667271943531
1524000,-988.9719796484153,13.853122347866982
1526000,-987.1217513245517,14.192009795937242
1528000,-984.2422722668049,14.272061491515794
1530000,-985.2158339935279,14.250150375490296
1532000,-984.7320728399213,14.293251441834832
1534000,-988.4005673449917,14.51644145585917
1536000,-988.4780339785127,14.551181171601772
1538000,-989.3570712711205,14.55496236410969
1540000,-987.7903523961032,14.46156389307302
1542000,-986.9801599970302,14.433019559831038
1544000,-988.8185290993176,14.25224140571395
1546000,-988.9791277215107,14.28270401032562
1548000,-989.0841924217484,14.27314621126458
1550000,-993.3121560091049,13.677805565254928
1552000,-989.5060614163652,13.6942217083735
1554000,-985.9709538274958,13.776490206305414
1556000,-981.559249672587,12.953738822240158
1558000,-979.6445814605846,12.975441265344298
1560000,-978.9681590939592,13.164859583178146
1562000,-981.7173090776878,13.298713809463976
1564000,-985.2323873243747,12.496195510557552
1566000,-980.8356452020347,12.816115242917757
1568000,-981.7360914573636,12.826083455959028
1570000,-979.0892513995917,12.92584742444301
1572000,-979.2172519605973,12.928741456949407
1574000,-976.1848407427166,13.15953375323554
1576000,-976.2071398586942,13.17162045634085
1578000,-973.3267821645235,13.582628855057289
1580000,-973.7870669197665,13.363264849580204
1582000,-974.9171894970575,13.386975968201089
1584000,-972.653238279063,13.47976608255125
1586000,-974.6420346617878,13.557446211364237
1588000,-967.7330261101993,14.866523826176552
1590000,-968.9790143660789,15.021146177635057
1592000,-967.117965543994,14.830849330569327
1594000,-962.6410425592713,14.870352021122216
1596000,-961.9145819885982,14.9106074431287
1598000,-966.6638993355612,14.598694027115991
1600000,-968.6610674502523,14.36390581860554
1602000,-973.2082829210144,14.545947675066097
1604000,-976.2324549148758,14.467723836958786
1606000,-973.6873123584421,14.210531057395832
1608000,-972.8596605881091,14.167505444477863
1610000,-971.7646061792781,14.146180129247048
1612000,-972.7684849989462,14.229869583185769
1614000,-968.9561021676141,13.912622087557313
1616000,-968.9137314505361,13.823291438367784
1618000,-971.196651198982,13.886692403716244
1620000,-973.442095840866,13.998461678380101
1622000,-971.942296141673,14.141145071567488
1624000,-976.8900834928083,14.37233425618668
1626000,-976.2834372015894,14.033584751419848
1628000,-976.6607542875763,13.79804894888991
1630000,-977.9168651473263,13.887378696782898
1632000,-976.9329463562285,13.805385901989847
1634000,-972.7252040745661,13.413090695741882
1636000,-968.5255233841585,13.72036080990765
1638000,-967.7074232677988,13.683826361003034
1640000,-966.7524622533195,13.632516247031484
1642000,-965.3176579117073,13.602993742832094
1644000,-966.9226586067165,13.84546167447829
1646000,-963.4578964865584,13.747290493512335
1648000,-966.116301087612,13.945772052333998
1650000,-964.3984984988512,13.961313616403405
1652000,-965.3153036997227,13.958984829662691
1654000,-967.8979188243648,13.997166021019765
1656000,-964.5959233553929,13.976591718855838
1658000,-967.4913097064068,14.012918980190838
1660000,-968.3021720563116,13.847390135162517
1662000,-962.4256684735516,13.722438560276137
1664000,-961.923951272297,13.714539974106941
1666000,-965.790670197604,13.558685585236953
1668000,-961.3703441307032,14.083244437409315
1670000,-962.1912803208579,13.978111148309958
1672000,-961.9504158647724,14.02234818588864
1674000,-962.032661336039,14.221925744657943
1676000,-962.4904556265027,14.258213302567004
1678000,-969.9464707470604,13.972810764407928
1680000,-972.4375289611485,14.09468177206426
1682000,-974.1716161801,14.764608856672202
1684000,-974.4789991383534,14.926016889104886
1686000,-975.2604475468896,14.904982854920698
1688000,-979.3731255761076,13.658250171518779
1690000,-978.77512231826,13.599261729777524
1692000,-979.0011148655411,13.677822765367514
1694000,-979.1938073596623,13.58367880993977
1696000,-980.9351900732267,13.50459247748108
1698000,-979.216963082726,13.533442437348532
1700000,-980.4605673676955,13.329665393037004
1702000,-977.8411088819021,13.102009843533457
1704000,-973.9425093544279,13.001155354225792
1706000,-969.4147971045647,13.212192984797568
1708000,-969.1847292437458,13.532498052666327
1710000,-967.4559694567695,13.589465391979925
1712000,-964.3845274531917,13.488017891279679
1714000,-958.7530231836755,13.989401970829633
1716000,-957.6106197150563,13.97874222613267
1718000,-955.0020738034608,13.993245812857714
1720000,-950.2659976957838,13.870380495203175
1722000,-957.202570008725,13.947867518029677
1724000,-954.2458942038019,13.62998387716913
1726000,-955.0763016715277,13.660945829904728
1728000,-952.3080643654116,13.89741183881333
1730000,-948.6543835619678,13.74654090804692
1732000,-949.9498487161852,13.800386925680808
1734000,-948.603853300913,13.979071542013083
1736000,-952.6923197485073,13.703995697548574
1738000,-945.0839134340546,14.656318100278062
1740000,-942.3564710266577,14.693309659556013
1742000,-943.0762756783678,14.718908877263853
1744000,-943.5816636252238,14.639814446675492
1746000,-945.2158515741177,14.63961057891336
1748000,-946.7389024182282,14.771119677691882
1750000,-947.7842902325739,14.762891377593297
1752000,-947.3473290499309,14.766436602707932
1754000,-942.8967974210907,14.799387988303437
1756000,-944.1958800455287,14.815710717522762
1758000,-939.9208211059487,14.818427783700908
1760000,-936.2574987439949,15.34846173302012
1762000,-941.9004254081067,15.446042701449645
1764000,-941.5510890086739,15.53219968195712
1766000,-944.1830542275561,16.008394240501286
1768000,-949.021475555816,15.735868676109078
1770000,-950.8035318975718,15.80385998556305
1772000,-948.887112599997,16.196883884124876
1774000,-952.8903646342296,15.953947673664663
1776000,-952.876748517105,16.15934151696432
1778000,-950.495426030865,15.99763347881842
1780000,-949.4900552273754,15.875822885180003
1782000,-945.6568225900763,15.198998824113115
1784000,-948.7072734671835,15.301179526276087
1786000,-953.1904762104707,16.251458743604122
1788000,-956.4197415270806,16.24242056423672
1790000,-955.0790185884737,16.13540980180836
1792000,-953.2536223093725,16.017151511168933
1794000,-957.7818907221507,15.993664523658385
1796000,-960.069052702816,16.066938421338644
1798000,-959.5941545401944,16.062308066207283
1800000,-963.7358237462118,16.152942958241784
1802000,-961.8304893154947,16.28645957251919
1804000,-961.6638990089168,16.558479323134783
1806000,-963.5816821581917,16.423703161692202
1808000,-963.7510656765083,16.187483323180626
1810000,-967.9045850336717,16.243704380580812
1812000,-971.62072612705,16.374270337310797
1814000,-980.5805781843857,16.109669387371667
1816000,-982.7439584964434,16.09556679224155
1818000,-985.7872635764486,16.08212803013474
1820000,-988.30953823977,15.995139372345434
1822000,-982.6829591023684,16.1821709290947
1824000,-981.708688749306,16.17026235859829
1826000,-982.4136470311471,16.1505336473936
1828000,-986.4944390825273,15.893174667000205
1830000,-992.4248507924688,16.291179308794202
1832000,-994.4620572160737,16.491181321344033
1834000,-997.3020161242089,16.311404154933925
1836000,-999.9099193819229,16.400128953947153
1838000,-1008.2852219267262,15.277059372697247
1840000,-1013.3464431855436,15.181293347734576
1842000,-1013.073290705738,15.260317230496195
1844000,-1011.9609334488351,15.229335689542543
1846000,-1014.5475443582529,15.313464729569395
1848000,-1011.5906669850623,15.146707263805379
1850000,-1015.2492004390995,15.279026665447077
1852000,-1014.5703178081588,15.3659089049433
1854000,-1018.2396175093123,15.03285044891327
1856000,-1018.7444861942633,15.248631621413026
1858000,-1020.5546455389624,15.063078148519077
1860000,-1024.1650787247145,14.302169409179124
1862000,-1020.4200076722823,14.29881536634594
1864000,-1023.99061755163,14.255614648318376
1866000,-1020.1969300474756,13.875418034058779
1868000,-1022.6512932013122,13.826716925560941
1870000,-1021.596583813245,13.814336442719073
1872000,-1021.7510824894849,13.37273993383774
1874000,-1021.6427527767926,13.32431426451593
1876000,-1020.7189411527128,13.033824516416107
1878000,-1021.3704994068598,13.038106369800095
1880000,-1019.3332411858182,13.705238195228329
1882000,-1021.1783033047843,13.642585737808679
1884000,-1021.4151640798062,13.325359633725034
1886000,-1016.4948020018812,12.416916528025714
1888000,-1013.1972201426562,12.532708725091991
1890000,-1013.6985620251423,12.536007525504385
1892000,-1016.592226273476,12.540836267864659
1894000,-1016.2177991254047,12.554073428046365
1896000,-1014.9057299801945,12.584940046637408
1898000,-1015.6981775546777,12.56519936393065
1900000,-1012.3321625670952,12.911667991872147
1902000,-1013.4120228518206,12.72296580080415
1904000,-1015.1892918397681,12.249033519158623
1906000,-1015.6883854702105,12.325730763697246
1908000,-1019.7539848746701,12.490590561102373
1910000,-1017.9431457381834,12.654968047064878
1912000,-1017.4467422113813,12.687147147043639
1914000,-1013.7220195506908,12.539086195552283
1916000,-1014.8914260002354,12.542654157501705
1918000,-1013.0980689245256,12.602403354346233
1920000,-1014.6819508500117,12.62239619023392
1922000,-1015.290925236308,12.521372138065036
1924000,-1018.8594394007,12.656983257570236
1926000,-1021.8874807214402,13.006324936391815
1928000,-1026.1777317591152,13.618031425651518
1930000,-1025.9170660895832,13.576851556066526
1932000,-1021.5032014184704,13.444534756746052
1934000,-1024.4317015253096,13.597827631588803
1936000,-1020.3981447576705,13.63519597815566
1938000,-1022.4520451431658,13.799442486024882
1940000,-1020.6726906392676,13.750366412825333
1942000,-1021.1422327781686,13.67255444142215
1944000,-1020.3743420644653,13.971370642115152
1946000,-1017.5710071914851,13.886102485936425
1948000,-1018.2944849566322,13.918603798526306
1950000,-1013.1223704956199,14.331298802407705
1952000,-1018.6175344753724,14.287274069763251
1954000,-1020.5263391916347,14.405458773962646
1956000,-1018.55862444029,14.282244903258666
1958000,-1020.7355470859526,14.254191047959461
1960000,-1014.9909946577465,15.008856190250757
1962000,-1017.2906523412244,15.029759607520244
1964000,-1012.8849620706427,15.032462525742663
1966000,-1011.7847585206987,15.090865196007517
1968000,-1006.0130819529986,15.246325396390242
1970000,-1009.6570878641961,15.358789583755884
1972000,-1010.6695431637908,15.238194218629918
1974000,-1009.5706048839788,15.262305673342874
1976000,-1008.9149977375009,15.261870028470105
1978000,-1009.6445127674834,15.291140668811746
1980000,-1012.4224908176017,14.70532809941579
1982000,-1012.0932610441965,14.730413544363426
1984000,-1013.7972599586388,14.842853404554992
1986000,-1015.3451115191297,14.86740857185074
1988000,-1022.8187960378098,15.21691447633907
1990000,-1024.2688992059147,15.20524216745973
1992000,-1021.2982950657318,15.469157715355601
1994000,-1019.1008262604763,15.467523904265496
1996000,-1019.0375378539466,15.498030266273357
1998000,-1022.400927466681,15.615191041230648
2000000,-1025.0997199737667,15.507665776285013
